mode,var_pt,rho,criterion,iterations,error,status
Usztywnione A (-1.2),-1.1,0.01,inc,29,0.00012016935678293983,0
Usztywnione A (-1.2),-1.1,0.01,res,22,0.1632153176789804,2
Usztywnione A (-1.2),-1.1,0.001,inc,30,6.065374112962374e-07,0
Usztywnione A (-1.2),-1.1,0.001,res,26,0.03756258969888038,0
Usztywnione A (-1.2),-1.1,0.0001,inc,31,1.1855194603782593e-10,0
Usztywnione A (-1.2),-1.1,0.0001,res,28,0.002746177987768439,0
Usztywnione A (-1.2),-1.1,1e-05,inc,31,1.1855194603782593e-10,0
Usztywnione A (-1.2),-1.1,1e-05,res,29,0.00012016935678293983,0
Usztywnione A (-1.2),-1.1,1e-06,inc,31,1.1855194603782593e-10,0
Usztywnione A (-1.2),-1.1,1e-06,res,30,6.065374112962374e-07,0
Usztywnione A (-1.2),-1.1,1e-07,inc,32,1.1102230246251565e-16,0
Usztywnione A (-1.2),-1.1,1e-07,res,30,6.065374112962374e-07,0
Usztywnione A (-1.2),-1.1,1e-08,inc,32,1.1102230246251565e-16,0
Usztywnione A (-1.2),-1.1,1e-08,res,30,6.065374112962374e-07,0
Usztywnione A (-1.2),-1.1,1e-09,inc,32,1.1102230246251565e-16,0
Usztywnione A (-1.2),-1.1,1e-09,res,31,1.1855194603782593e-10,0
Usztywnione A (-1.2),-1.0,0.01,inc,28,0.0002818244075616372,0
Usztywnione A (-1.2),-1.0,0.01,res,22,0.1364202804805011,2
Usztywnione A (-1.2),-1.0,0.001,inc,29,2.4545808220977072e-06,0
Usztywnione A (-1.2),-1.0,0.001,res,25,0.043451400637161464,0
Usztywnione A (-1.2),-1.0,0.0001,inc,30,1.133906468719914e-09,0
Usztywnione A (-1.2),-1.0,0.0001,res,27,0.004405617404827367,0
Usztywnione A (-1.2),-1.0,1e-05,inc,30,1.133906468719914e-09,0
Usztywnione A (-1.2),-1.0,1e-05,res,28,0.0002818244075616372,0
Usztywnione A (-1.2),-1.0,1e-06,inc,31,4.496403249731884e-15,0
Usztywnione A (-1.2),-1.0,1e-06,res,29,2.4545808220977072e-06,0
Usztywnione A (-1.2),-1.0,1e-07,inc,31,4.496403249731884e-15,0
Usztywnione A (-1.2),-1.0,1e-07,res,29,2.4545808220977072e-06,0
Usztywnione A (-1.2),-1.0,1e-08,inc,31,4.496403249731884e-15,0
Usztywnione A (-1.2),-1.0,1e-08,res,30,1.133906468719914e-09,0
Usztywnione A (-1.2),-1.0,1e-09,inc,32,0.0,0
Usztywnione A (-1.2),-1.0,1e-09,res,30,1.133906468719914e-09,0
Usztywnione A (-1.2),-0.9,0.01,inc,27,0.0003990469699486354,0
Usztywnione A (-1.2),-0.9,0.01,res,21,0.1397528345985849,2
Usztywnione A (-1.2),-0.9,0.001,inc,28,4.3703341470746615e-06,0
Usztywnione A (-1.2),-0.9,0.001,res,24,0.046144166746123094,0
Usztywnione A (-1.2),-0.9,0.0001,inc,29,2.874708637801149e-09,0
Usztywnione A (-1.2),-0.9,0.0001,res,26,0.0053275628524034335,0
Usztywnione A (-1.2),-0.9,1e-05,inc,29,2.874708637801149e-09,0
Usztywnione A (-1.2),-0.9,1e-05,res,27,0.0003990469699486354,0
Usztywnione A (-1.2),-0.9,1e-06,inc,30,2.0317081350640365e-14,0
Usztywnione A (-1.2),-0.9,1e-06,res,28,4.3703341470746615e-06,0
Usztywnione A (-1.2),-0.9,1e-07,inc,30,2.0317081350640365e-14,0
Usztywnione A (-1.2),-0.9,1e-07,res,28,4.3703341470746615e-06,0
Usztywnione A (-1.2),-0.9,1e-08,inc,30,2.0317081350640365e-14,0
Usztywnione A (-1.2),-0.9,1e-08,res,29,2.874708637801149e-09,0
Usztywnione A (-1.2),-0.9,1e-09,inc,31,0.0,0
Usztywnione A (-1.2),-0.9,1e-09,res,29,2.874708637801149e-09,0
Usztywnione A (-1.2),-0.8,0.01,inc,26,0.0003764988621896004,0
Usztywnione A (-1.2),-0.8,0.01,res,20,0.13918152548137336,2
Usztywnione A (-1.2),-0.8,0.001,inc,27,3.967128795079322e-06,0
Usztywnione A (-1.2),-0.8,0.001,res,23,0.045680620769650404,0
Usztywnione A (-1.2),-0.8,0.0001,inc,28,2.4593899694558274e-09,0
Usztywnione A (-1.2),-0.8,0.0001,res,25,0.005161494970291891,0
Usztywnione A (-1.2),-0.8,1e-05,inc,28,2.4593899694558274e-09,0
Usztywnione A (-1.2),-0.8,1e-05,res,26,0.0003764988621896004,0
Usztywnione A (-1.2),-0.8,1e-06,inc,29,1.5765166949677223e-14,0
Usztywnione A (-1.2),-0.8,1e-06,res,27,3.967128795079322e-06,0
Usztywnione A (-1.2),-0.8,1e-07,inc,29,1.5765166949677223e-14,0
Usztywnione A (-1.2),-0.8,1e-07,res,27,3.967128795079322e-06,0
Usztywnione A (-1.2),-0.8,1e-08,inc,29,1.5765166949677223e-14,0
Usztywnione A (-1.2),-0.8,1e-08,res,28,2.4593899694558274e-09,0
Usztywnione A (-1.2),-0.8,1e-09,inc,30,5.551115123125783e-17,0
Usztywnione A (-1.2),-0.8,1e-09,res,28,2.4593899694558274e-09,0
Usztywnione A (-1.2),-0.7,0.01,inc,25,0.00024079701380075313,0
Usztywnione A (-1.2),-0.7,0.01,res,19,0.13497513568052194,2
Usztywnione A (-1.2),-0.7,0.001,inc,26,1.893436434974305e-06,0
Usztywnione A (-1.2),-0.7,0.001,res,22,0.04229257319556029,0
Usztywnione A (-1.2),-0.7,0.0001,inc,27,7.458818562788849e-10,0
Usztywnione A (-1.2),-0.7,0.0001,res,24,0.004040609012425034,0
Usztywnione A (-1.2),-0.7,1e-05,inc,27,7.458818562788849e-10,0
Usztywnione A (-1.2),-0.7,1e-05,res,25,0.00024079701380075313,0
Usztywnione A (-1.2),-0.7,1e-06,inc,28,2.275957200481571e-15,0
Usztywnione A (-1.2),-0.7,1e-06,res,26,1.893436434974305e-06,0
Usztywnione A (-1.2),-0.7,1e-07,inc,28,2.275957200481571e-15,0
Usztywnione A (-1.2),-0.7,1e-07,res,26,1.893436434974305e-06,0
Usztywnione A (-1.2),-0.7,1e-08,inc,28,2.275957200481571e-15,0
Usztywnione A (-1.2),-0.7,1e-08,res,27,7.458818562788849e-10,0
Usztywnione A (-1.2),-0.7,1e-09,inc,28,2.275957200481571e-15,0
Usztywnione A (-1.2),-0.7,1e-09,res,27,7.458818562788849e-10,0
Usztywnione A (-1.2),-0.6,0.01,inc,1,1.0250628597709286,1
Usztywnione A (-1.2),-0.6,0.01,res,17,0.1615219218922359,2
Usztywnione A (-1.2),-0.6,0.001,inc,25,4.3792386156260577e-07,0
Usztywnione A (-1.2),-0.6,0.001,res,21,0.03630709998044834,0
Usztywnione A (-1.2),-0.6,0.0001,inc,25,4.3792386156260577e-07,0
Usztywnione A (-1.2),-0.6,0.0001,res,23,0.002454119748708461,0
Usztywnione A (-1.2),-0.6,1e-05,inc,26,6.999911761340627e-11,0
Usztywnione A (-1.2),-0.6,1e-05,res,24,9.837634725795574e-05,0
Usztywnione A (-1.2),-0.6,1e-06,inc,26,6.999911761340627e-11,0
Usztywnione A (-1.2),-0.6,1e-06,res,25,4.3792386156260577e-07,0
Usztywnione A (-1.2),-0.6,1e-07,inc,27,0.0,0
Usztywnione A (-1.2),-0.6,1e-07,res,25,4.3792386156260577e-07,0
Usztywnione A (-1.2),-0.6,1e-08,inc,27,0.0,0
Usztywnione A (-1.2),-0.6,1e-08,res,25,4.3792386156260577e-07,0
Usztywnione A (-1.2),-0.6,1e-09,inc,27,0.0,0
Usztywnione A (-1.2),-0.6,1e-09,res,26,6.999911761340627e-11,0
Usztywnione A (-1.2),-0.5,0.01,inc,1,0.927913050663637,1
Usztywnione A (-1.2),-0.5,0.01,res,16,0.15016113346516025,2
Usztywnione A (-1.2),-0.5,0.001,inc,24,3.9188868705686275e-08,0
Usztywnione A (-1.2),-0.5,0.001,res,19,0.05470523416747047,2
Usztywnione A (-1.2),-0.5,0.0001,inc,24,3.9188868705686275e-08,0
Usztywnione A (-1.2),-0.5,0.0001,res,21,0.008936759303784403,0
Usztywnione A (-1.2),-0.5,1e-05,inc,25,1.4030998585212728e-12,0
Usztywnione A (-1.2),-0.5,1e-05,res,23,2.2116259944526817e-05,0
Usztywnione A (-1.2),-0.5,1e-06,inc,25,1.4030998585212728e-12,0
Usztywnione A (-1.2),-0.5,1e-06,res,23,2.2116259944526817e-05,0
Usztywnione A (-1.2),-0.5,1e-07,inc,25,1.4030998585212728e-12,0
Usztywnione A (-1.2),-0.5,1e-07,res,24,3.9188868705686275e-08,0
Usztywnione A (-1.2),-0.5,1e-08,inc,26,5.551115123125783e-17,0
Usztywnione A (-1.2),-0.5,1e-08,res,24,3.9188868705686275e-08,0
Usztywnione A (-1.2),-0.5,1e-09,inc,26,5.551115123125783e-17,0
Usztywnione A (-1.2),-0.5,1e-09,res,24,3.9188868705686275e-08,0
Usztywnione A (-1.2),-0.4,0.01,inc,1,0.8292494110753681,1
Usztywnione A (-1.2),-0.4,0.01,res,15,0.13545630542864234,2
Usztywnione A (-1.2),-0.4,0.001,inc,1,0.8292494110753681,1
Usztywnione A (-1.2),-0.4,0.001,res,18,0.04267776727389411,0
Usztywnione A (-1.2),-0.4,0.0001,inc,23,8.584145616552519e-10,0
Usztywnione A (-1.2),-0.4,0.0001,res,20,0.004159824123712186,0
Usztywnione A (-1.2),-0.4,1e-05,inc,23,8.584145616552519e-10,0
Usztywnione A (-1.2),-0.4,1e-05,res,21,0.00025385984934400696,0
Usztywnione A (-1.2),-0.4,1e-06,inc,24,2.886579864025407e-15,0
Usztywnione A (-1.2),-0.4,1e-06,res,22,2.065680360874289e-06,0
Usztywnione A (-1.2),-0.4,1e-07,inc,24,2.886579864025407e-15,0
Usztywnione A (-1.2),-0.4,1e-07,res,22,2.065680360874289e-06,0
Usztywnione A (-1.2),-0.4,1e-08,inc,24,2.886579864025407e-15,0
Usztywnione A (-1.2),-0.4,1e-08,res,23,8.584145616552519e-10,0
Usztywnione A (-1.2),-0.4,1e-09,inc,24,2.886579864025407e-15,0
Usztywnione A (-1.2),-0.4,1e-09,res,23,8.584145616552519e-10,0
Usztywnione A (-1.2),-0.3,0.01,inc,1,0.7298230155904495,1
Usztywnione A (-1.2),-0.3,0.01,res,13,0.15098159114390175,2
Usztywnione A (-1.2),-0.3,0.001,inc,1,0.7298230155904495,1
Usztywnione A (-1.2),-0.3,0.001,res,16,0.055387939432020805,2
Usztywnione A (-1.2),-0.3,0.0001,inc,21,4.732201946966441e-08,0
Usztywnione A (-1.2),-0.3,0.0001,res,19,0.001116194249457969,0
Usztywnione A (-1.2),-0.3,1e-05,inc,22,1.904809643349381e-12,0
Usztywnione A (-1.2),-0.3,1e-05,res,20,2.486083411079587e-05,0
Usztywnione A (-1.2),-0.3,1e-06,inc,22,1.904809643349381e-12,0
Usztywnione A (-1.2),-0.3,1e-06,res,20,2.486083411079587e-05,0
Usztywnione A (-1.2),-0.3,1e-07,inc,22,1.904809643349381e-12,0
Usztywnione A (-1.2),-0.3,1e-07,res,21,4.732201946966441e-08,0
Usztywnione A (-1.2),-0.3,1e-08,inc,23,0.0,0
Usztywnione A (-1.2),-0.3,1e-08,res,21,4.732201946966441e-08,0
Usztywnione A (-1.2),-0.3,1e-09,inc,23,0.0,0
Usztywnione A (-1.2),-0.3,1e-09,res,21,4.732201946966441e-08,0
Usztywnione A (-1.2),-0.2,0.01,inc,1,0.6300471326918669,1
Usztywnione A (-1.2),-0.2,0.01,res,11,0.16239088675677088,2
Usztywnione A (-1.2),-0.2,0.001,inc,1,0.6300471326918669,1
Usztywnione A (-1.2),-0.2,0.001,res,15,0.036949598501264225,0
Usztywnione A (-1.2),-0.2,0.0001,inc,20,9.186257310389578e-11,0
Usztywnione A (-1.2),-0.2,0.0001,res,17,0.002600940382886552,0
Usztywnione A (-1.2),-0.2,1e-05,inc,20,9.186257310389578e-11,0
Usztywnione A (-1.2),-0.2,1e-05,res,18,0.00010907959115075139,0
Usztywnione A (-1.2),-0.2,1e-06,inc,20,9.186257310389578e-11,0
Usztywnione A (-1.2),-0.2,1e-06,res,19,5.180465832976822e-07,0
Usztywnione A (-1.2),-0.2,1e-07,inc,21,5.551115123125783e-17,0
Usztywnione A (-1.2),-0.2,1e-07,res,19,5.180465832976822e-07,0
Usztywnione A (-1.2),-0.2,1e-08,inc,21,5.551115123125783e-17,0
Usztywnione A (-1.2),-0.2,1e-08,res,19,5.180465832976822e-07,0
Usztywnione A (-1.2),-0.2,1e-09,inc,21,5.551115123125783e-17,0
Usztywnione A (-1.2),-0.2,1e-09,res,20,9.186257310389578e-11,0
Usztywnione A (-1.2),-0.1,0.01,inc,1,0.5301261371228618,1
Usztywnione A (-1.2),-0.1,0.01,res,10,0.1342833173989026,2
Usztywnione A (-1.2),-0.1,0.001,inc,1,0.5301261371228618,1
Usztywnione A (-1.2),-0.1,0.001,res,13,0.04174151611065041,0
Usztywnione A (-1.2),-0.1,0.0001,inc,1,0.5301261371228618,1
Usztywnione A (-1.2),-0.1,0.0001,res,15,0.003873688236077255,0
Usztywnione A (-1.2),-0.1,1e-05,inc,18,6.086353643297571e-10,0
Usztywnione A (-1.2),-0.1,1e-05,res,16,0.00022305686833312688,0
Usztywnione A (-1.2),-0.1,1e-06,inc,19,1.609823385706477e-15,0
Usztywnione A (-1.2),-0.1,1e-06,res,17,1.6693307170467797e-06,0
Usztywnione A (-1.2),-0.1,1e-07,inc,19,1.609823385706477e-15,0
Usztywnione A (-1.2),-0.1,1e-07,res,17,1.6693307170467797e-06,0
Usztywnione A (-1.2),-0.1,1e-08,inc,19,1.609823385706477e-15,0
Usztywnione A (-1.2),-0.1,1e-08,res,18,6.086353643297571e-10,0
Usztywnione A (-1.2),-0.1,1e-09,inc,19,1.609823385706477e-15,0
Usztywnione A (-1.2),-0.1,1e-09,res,18,6.086353643297571e-10,0
Usztywnione A (-1.2),0.0,0.01,inc,1,0.43015094174262825,1
Usztywnione A (-1.2),0.0,0.01,res,8,0.13451794874983308,2
Usztywnione A (-1.2),0.0,0.001,inc,1,0.43015094174262825,1
Usztywnione A (-1.2),0.0,0.001,res,11,0.0419382671197715,0
Usztywnione A (-1.2),0.0,0.0001,inc,1,0.43015094174262825,1
Usztywnione A (-1.2),0.0,0.0001,res,13,0.00393265342965704,0
Usztywnione A (-1.2),0.0,1e-05,inc,1,0.43015094174262825,1
Usztywnione A (-1.2),0.0,1e-05,res,14,0.00022924625213899263,0
Usztywnione A (-1.2),0.0,1e-06,inc,17,1.8318679906315083e-15,0
Usztywnione A (-1.2),0.0,1e-06,res,15,1.7462427743808462e-06,0
Usztywnione A (-1.2),0.0,1e-07,inc,17,1.8318679906315083e-15,0
Usztywnione A (-1.2),0.0,1e-07,res,15,1.7462427743808462e-06,0
Usztywnione A (-1.2),0.0,1e-08,inc,17,1.8318679906315083e-15,0
Usztywnione A (-1.2),0.0,1e-08,res,16,6.545379238609428e-10,0
Usztywnione A (-1.2),0.0,1e-09,inc,17,1.8318679906315083e-15,0
Usztywnione A (-1.2),0.0,1e-09,res,16,6.545379238609428e-10,0
Usztywnione A (-1.2),0.1,0.01,inc,1,0.33015775348726784,1
Usztywnione A (-1.2),0.1,0.01,res,5,0.16212437682233022,2
Usztywnione A (-1.2),0.1,0.001,inc,1,0.33015775348726784,1
Usztywnione A (-1.2),0.1,0.001,res,9,0.036580861054213654,0
Usztywnione A (-1.2),0.1,0.0001,inc,1,0.33015775348726784,1
Usztywnione A (-1.2),0.1,0.0001,res,11,0.0025152523408246696,0
Usztywnione A (-1.2),0.1,1e-05,inc,1,0.33015775348726784,1
Usztywnione A (-1.2),0.1,1e-05,res,12,0.00010275626796180104,0
Usztywnione A (-1.2),0.1,1e-06,inc,14,7.850664562880638e-11,0
Usztywnione A (-1.2),0.1,1e-06,res,13,4.701143433427646e-07,0
Usztywnione A (-1.2),0.1,1e-07,inc,15,5.551115123125783e-17,0
Usztywnione A (-1.2),0.1,1e-07,res,13,4.701143433427646e-07,0
Usztywnione A (-1.2),0.1,1e-08,inc,15,5.551115123125783e-17,0
Usztywnione A (-1.2),0.1,1e-08,res,13,4.701143433427646e-07,0
Usztywnione A (-1.2),0.1,1e-09,inc,15,5.551115123125783e-17,0
Usztywnione A (-1.2),0.1,1e-09,res,14,7.850664562880638e-11,0
Usztywnione A (-1.2),0.2,0.01,inc,1,0.2301593491232645,1
Usztywnione A (-1.2),0.2,0.01,res,3,0.14744244844112264,2
Usztywnione A (-1.2),0.2,0.001,inc,1,0.2301593491232645,1
Usztywnione A (-1.2),0.2,0.001,res,6,0.05107741539364047,2
Usztywnione A (-1.2),0.2,0.0001,inc,1,0.2301593491232645,1
Usztywnione A (-1.2),0.2,0.0001,res,8,0.00731029745164552,0
Usztywnione A (-1.2),0.2,1e-05,inc,1,0.2301593491232645,1
Usztywnione A (-1.2),0.2,1e-05,res,9,0.0007177814611394329,0
Usztywnione A (-1.2),0.2,1e-06,inc,1,0.2301593491232645,1
Usztywnione A (-1.2),0.2,1e-06,res,10,1.1694222354974304e-05,0
Usztywnione A (-1.2),0.2,1e-07,inc,12,2.657873920952625e-13,0
Usztywnione A (-1.2),0.2,1e-07,res,11,1.404773192215103e-08,0
Usztywnione A (-1.2),0.2,1e-08,inc,13,5.551115123125783e-17,0
Usztywnione A (-1.2),0.2,1e-08,res,11,1.404773192215103e-08,0
Usztywnione A (-1.2),0.2,1e-09,inc,13,5.551115123125783e-17,0
Usztywnione A (-1.2),0.2,1e-09,res,11,1.404773192215103e-08,0
Usztywnione A (-1.2),0.3,0.01,inc,1,0.13015965703815818,1
Usztywnione A (-1.2),0.3,0.01,res,1,0.13015965703815818,2
Usztywnione A (-1.2),0.3,0.001,inc,1,0.13015965703815818,1
Usztywnione A (-1.2),0.3,0.001,res,3,0.05841004758327584,2
Usztywnione A (-1.2),0.3,0.0001,inc,1,0.13015965703815818,1
Usztywnione A (-1.2),0.3,0.0001,res,6,0.001304400806662831,0
Usztywnione A (-1.2),0.3,1e-05,inc,1,0.13015965703815818,1
Usztywnione A (-1.2),0.3,1e-05,res,7,3.313941116539487e-05,0
Usztywnione A (-1.2),0.3,1e-06,inc,1,0.13015965703815818,1
Usztywnione A (-1.2),0.3,1e-06,res,7,3.313941116539487e-05,0
Usztywnione A (-1.2),0.3,1e-07,inc,1,0.13015965703815818,1
Usztywnione A (-1.2),0.3,1e-07,res,8,7.437109050822954e-08,0
Usztywnione A (-1.2),0.3,1e-08,inc,10,0.0,0
Usztywnione A (-1.2),0.3,1e-08,res,8,7.437109050822954e-08,0
Usztywnione A (-1.2),0.3,1e-09,inc,10,0.0,0
Usztywnione A (-1.2),0.3,1e-09,res,8,7.437109050822954e-08,0
Usztywnione A (-1.2),0.4,0.01,inc,1,0.03015970473141799,0
Usztywnione A (-1.2),0.4,0.01,res,1,0.03015970473141799,0
Usztywnione A (-1.2),0.4,0.001,inc,1,0.03015970473141799,0
Usztywnione A (-1.2),0.4,0.001,res,1,0.03015970473141799,0
Usztywnione A (-1.2),0.4,0.0001,inc,1,0.03015970473141799,0
Usztywnione A (-1.2),0.4,0.0001,res,2,0.004747511301791074,0
Usztywnione A (-1.2),0.4,1e-05,inc,1,0.03015970473141799,0
Usztywnione A (-1.2),0.4,1e-05,res,3,0.0005741319256071242,0
Usztywnione A (-1.2),0.4,1e-06,inc,1,0.03015970473141799,0
Usztywnione A (-1.2),0.4,1e-06,res,4,5.519733843328822e-06,0
Usztywnione A (-1.2),0.4,1e-07,inc,1,0.03015970473141799,0
Usztywnione A (-1.2),0.4,1e-07,res,4,5.519733843328822e-06,0
Usztywnione A (-1.2),0.4,1e-08,inc,1,0.03015970473141799,0
Usztywnione A (-1.2),0.4,1e-08,res,5,5.266945102277987e-09,0
Usztywnione A (-1.2),0.4,1e-09,inc,7,0.0,0
Usztywnione A (-1.2),0.4,1e-09,res,5,5.266945102277987e-09,0
Usztywnione A (-1.2),0.5,0.01,inc,1,0.06984027924799258,1
Usztywnione A (-1.2),0.5,0.01,res,1,0.06984027924799258,2
Usztywnione A (-1.2),0.5,0.001,inc,1,0.06984027924799258,1
Usztywnione A (-1.2),0.5,0.001,res,1,0.06984027924799258,2
Usztywnione A (-1.2),0.5,0.0001,inc,1,0.06984027924799258,1
Usztywnione A (-1.2),0.5,0.0001,res,3,0.006524516283269277,0
Usztywnione A (-1.2),0.5,1e-05,inc,1,0.06984027924799258,1
Usztywnione A (-1.2),0.5,1e-05,res,4,0.00010834469514819922,0
Usztywnione A (-1.2),0.5,1e-06,inc,1,0.06984027924799258,1
Usztywnione A (-1.2),0.5,1e-06,res,5,7.775919270702758e-07,0
Usztywnione A (-1.2),0.5,1e-07,inc,1,0.06984027924799258,1
Usztywnione A (-1.2),0.5,1e-07,res,5,7.775919270702758e-07,0
Usztywnione A (-1.2),0.5,1e-08,inc,7,1.6653345369377348e-16,0
Usztywnione A (-1.2),0.5,1e-08,res,5,7.775919270702758e-07,0
Usztywnione A (-1.2),0.5,1e-09,inc,7,1.6653345369377348e-16,0
Usztywnione A (-1.2),0.5,1e-09,res,6,1.3554130040560608e-10,0
Usztywnione A (-1.2),0.6,0.01,inc,1,0.16984021149436151,1
Usztywnione A (-1.2),0.6,0.01,res,1,0.16984021149436151,2
Usztywnione A (-1.2),0.6,0.001,inc,1,0.16984021149436151,1
Usztywnione A (-1.2),0.6,0.001,res,4,0.04127237690550856,0
Usztywnione A (-1.2),0.6,0.0001,inc,1,0.16984021149436151,1
Usztywnione A (-1.2),0.6,0.0001,res,6,0.0014563097078745257,0
Usztywnione A (-1.2),0.6,1e-05,inc,1,0.16984021149436151,1
Usztywnione A (-1.2),0.6,1e-05,res,7,7.625746361317187e-06,0
Usztywnione A (-1.2),0.6,1e-06,inc,1,0.16984021149436151,1
Usztywnione A (-1.2),0.6,1e-06,res,7,7.625746361317187e-06,0
Usztywnione A (-1.2),0.6,1e-07,inc,1,0.16984021149436151,1
Usztywnione A (-1.2),0.6,1e-07,res,7,7.625746361317187e-06,0
Usztywnione A (-1.2),0.6,1e-08,inc,10,0.0,0
Usztywnione A (-1.2),0.6,1e-08,res,8,1.6711480754771912e-08,0
Usztywnione A (-1.2),0.6,1e-09,inc,10,0.0,0
Usztywnione A (-1.2),0.6,1e-09,res,8,1.6711480754771912e-08,0
Usztywnione A (-1.2),0.7,0.01,inc,1,0.26983989888335297,1
Usztywnione A (-1.2),0.7,0.01,res,2,0.19984027455743897,2
Usztywnione A (-1.2),0.7,0.001,inc,1,0.26983989888335297,1
Usztywnione A (-1.2),0.7,0.001,res,6,0.045311104292578785,0
Usztywnione A (-1.2),0.7,0.0001,inc,1,0.26983989888335297,1
Usztywnione A (-1.2),0.7,0.0001,res,8,0.0021187619842545358,0
Usztywnione A (-1.2),0.7,1e-05,inc,1,0.26983989888335297,1
Usztywnione A (-1.2),0.7,1e-05,res,9,4.522749335711396e-06,0
Usztywnione A (-1.2),0.7,1e-06,inc,1,0.26983989888335297,1
Usztywnione A (-1.2),0.7,1e-06,res,9,4.522749335711396e-06,0
Usztywnione A (-1.2),0.7,1e-07,inc,11,1.0186296250935811e-13,0
Usztywnione A (-1.2),0.7,1e-07,res,9,4.522749335711396e-06,0
Usztywnione A (-1.2),0.7,1e-08,inc,12,0.0,0
Usztywnione A (-1.2),0.7,1e-08,res,10,1.3923915187508129e-08,0
Usztywnione A (-1.2),0.7,1e-09,inc,12,0.0,0
Usztywnione A (-1.2),0.7,1e-09,res,10,1.3923915187508129e-08,0
Usztywnione A (-1.2),0.8,0.01,inc,1,0.36983872204857876,1
Usztywnione A (-1.2),0.8,0.01,res,4,0.19641438301993025,2
Usztywnione A (-1.2),0.8,0.001,inc,1,0.36983872204857876,1
Usztywnione A (-1.2),0.8,0.001,res,8,0.03989560975541501,0
Usztywnione A (-1.2),0.8,0.0001,inc,1,0.36983872204857876,1
Usztywnione A (-1.2),0.8,0.0001,res,10,0.0011845418961247134,0
Usztywnione A (-1.2),0.8,1e-05,inc,1,0.36983872204857876,1
Usztywnione A (-1.2),0.8,1e-05,res,11,7.673175740297022e-06,0
Usztywnione A (-1.2),0.8,1e-06,inc,13,1.7219559111936178e-13,0
Usztywnione A (-1.2),0.8,1e-06,res,11,7.673175740297022e-06,0
Usztywnione A (-1.2),0.8,1e-07,inc,13,1.7219559111936178e-13,0
Usztywnione A (-1.2),0.8,1e-07,res,11,7.673175740297022e-06,0
Usztywnione A (-1.2),0.8,1e-08,inc,14,0.0,0
Usztywnione A (-1.2),0.8,1e-08,res,12,1.386935705172121e-08,0
Usztywnione A (-1.2),0.8,1e-09,inc,14,0.0,0
Usztywnione A (-1.2),0.8,1e-09,res,12,1.386935705172121e-08,0
Usztywnione B (0.8),-1.2,0.01,inc,2,0.3698371531311045,1
Usztywnione B (0.8),-1.2,0.01,res,5,0.1964131542227165,2
Usztywnione B (0.8),-1.2,0.001,inc,2,0.3698371531311045,1
Usztywnione B (0.8),-1.2,0.001,res,9,0.03989476631073269,0
Usztywnione B (0.8),-1.2,0.0001,inc,2,0.3698371531311045,1
Usztywnione B (0.8),-1.2,0.0001,res,11,0.001184424409322482,0
Usztywnione B (0.8),-1.2,1e-05,inc,2,0.3698371531311045,1
Usztywnione B (0.8),-1.2,1e-05,res,12,7.672912442746593e-06,0
Usztywnione B (0.8),-1.2,1e-06,inc,14,1.7214007996813052e-13,0
Usztywnione B (0.8),-1.2,1e-06,res,12,7.672912442746593e-06,0
Usztywnione B (0.8),-1.2,1e-07,inc,14,1.7214007996813052e-13,0
Usztywnione B (0.8),-1.2,1e-07,res,12,7.672912442746593e-06,0
Usztywnione B (0.8),-1.2,1e-08,inc,15,0.0,0
Usztywnione B (0.8),-1.2,1e-08,res,13,1.3867588299909528e-08,0
Usztywnione B (0.8),-1.2,1e-09,inc,15,0.0,0
Usztywnione B (0.8),-1.2,1e-09,res,13,1.3867588299909528e-08,0
Usztywnione B (0.8),-1.1,0.01,inc,2,0.36983430134832956,1
Usztywnione B (0.8),-1.1,0.01,res,5,0.1964113663746599,2
Usztywnione B (0.8),-1.1,0.001,inc,2,0.36983430134832956,1
Usztywnione B (0.8),-1.1,0.001,res,9,0.03989352516893391,0
Usztywnione B (0.8),-1.1,0.0001,inc,2,0.36983430134832956,1
Usztywnione B (0.8),-1.1,0.0001,res,11,0.0011842515034402035,0
Usztywnione B (0.8),-1.1,1e-05,inc,2,0.36983430134832956,1
Usztywnione B (0.8),-1.1,1e-05,res,12,7.672524761637156e-06,0
Usztywnione B (0.8),-1.1,1e-06,inc,14,1.7208456881689926e-13,0
Usztywnione B (0.8),-1.1,1e-06,res,12,7.672524761637156e-06,0
Usztywnione B (0.8),-1.1,1e-07,inc,14,1.7208456881689926e-13,0
Usztywnione B (0.8),-1.1,1e-07,res,12,7.672524761637156e-06,0
Usztywnione B (0.8),-1.1,1e-08,inc,15,5.551115123125783e-17,0
Usztywnione B (0.8),-1.1,1e-08,res,13,1.3864984993450236e-08,0
Usztywnione B (0.8),-1.1,1e-09,inc,15,5.551115123125783e-17,0
Usztywnione B (0.8),-1.1,1e-09,res,13,1.3864984993450236e-08,0
Usztywnione B (0.8),-1.0,0.01,inc,2,0.3698284946509031,1
Usztywnione B (0.8),-1.0,0.01,res,5,0.19640772598663597,2
Usztywnione B (0.8),-1.0,0.001,inc,2,0.3698284946509031,1
Usztywnione B (0.8),-1.0,0.001,res,9,0.03989099799921908,0
Usztywnione B (0.8),-1.0,0.0001,inc,2,0.3698284946509031,1
Usztywnione B (0.8),-1.0,0.0001,res,11,0.0011838994902396704,0
Usztywnione B (0.8),-1.0,1e-05,inc,2,0.3698284946509031,1
Usztywnione B (0.8),-1.0,1e-05,res,12,7.671734510661388e-06,0
Usztywnione B (0.8),-1.0,1e-06,inc,14,1.72029057665668e-13,0
Usztywnione B (0.8),-1.0,1e-06,res,12,7.671734510661388e-06,0
Usztywnione B (0.8),-1.0,1e-07,inc,14,1.72029057665668e-13,0
Usztywnione B (0.8),-1.0,1e-07,res,12,7.671734510661388e-06,0
Usztywnione B (0.8),-1.0,1e-08,inc,15,0.0,0
Usztywnione B (0.8),-1.0,1e-08,res,13,1.3859683789529953e-08,0
Usztywnione B (0.8),-1.0,1e-09,inc,15,0.0,0
Usztywnione B (0.8),-1.0,1e-09,res,13,1.3859683789529953e-08,0
Usztywnione B (0.8),-0.9,0.01,inc,2,0.3698162447399849,1
Usztywnione B (0.8),-0.9,0.01,res,5,0.19640004599870903,2
Usztywnione B (0.8),-0.9,0.001,inc,2,0.3698162447399849,1
Usztywnione B (0.8),-0.9,0.001,res,9,0.03988566662968823,0
Usztywnione B (0.8),-0.9,0.0001,inc,2,0.3698162447399849,1
Usztywnione B (0.8),-0.9,0.0001,res,11,0.0011831571034981447,0
Usztywnione B (0.8),-0.9,1e-05,inc,13,1.3848498015001098e-08,0
Usztywnione B (0.8),-0.9,1e-05,res,12,7.670063565057283e-06,0
Usztywnione B (0.8),-0.9,1e-06,inc,14,1.7180701306074297e-13,0
Usztywnione B (0.8),-0.9,1e-06,res,12,7.670063565057283e-06,0
Usztywnione B (0.8),-0.9,1e-07,inc,14,1.7180701306074297e-13,0
Usztywnione B (0.8),-0.9,1e-07,res,12,7.670063565057283e-06,0
Usztywnione B (0.8),-0.9,1e-08,inc,15,0.0,0
Usztywnione B (0.8),-0.9,1e-08,res,13,1.3848498015001098e-08,0
Usztywnione B (0.8),-0.9,1e-09,inc,15,0.0,0
Usztywnione B (0.8),-0.9,1e-09,res,13,1.3848498015001098e-08,0
Usztywnione B (0.8),-0.8,0.01,inc,2,0.36978937084471636,1
Usztywnione B (0.8),-0.8,0.01,res,5,0.19638319684826416,2
Usztywnione B (0.8),-0.8,0.001,inc,2,0.36978937084471636,1
Usztywnione B (0.8),-0.8,0.001,res,9,0.03987397061598286,0
Usztywnione B (0.8),-0.8,0.0001,inc,2,0.36978937084471636,1
Usztywnione B (0.8),-0.8,0.0001,res,11,0.0011815295293798878,0
Usztywnione B (0.8),-0.8,1e-05,inc,13,1.382394798632447e-08,0
Usztywnione B (0.8),-0.8,1e-05,res,12,7.666379728821227e-06,0
Usztywnione B (0.8),-0.8,1e-06,inc,14,1.7147394615335543e-13,0
Usztywnione B (0.8),-0.8,1e-06,res,12,7.666379728821227e-06,0
Usztywnione B (0.8),-0.8,1e-07,inc,14,1.7147394615335543e-13,0
Usztywnione B (0.8),-0.8,1e-07,res,12,7.666379728821227e-06,0
Usztywnione B (0.8),-0.8,1e-08,inc,15,0.0,0
Usztywnione B (0.8),-0.8,1e-08,res,13,1.382394798632447e-08,0
Usztywnione B (0.8),-0.8,1e-09,inc,15,0.0,0
Usztywnione B (0.8),-0.8,1e-09,res,13,1.382394798632447e-08,0
Usztywnione B (0.8),-0.7,0.01,inc,2,0.3697278008577272,1
Usztywnione B (0.8),-0.7,0.01,res,5,0.19634459027340528,2
Usztywnione B (0.8),-0.7,0.001,inc,2,0.3697278008577272,1
Usztywnione B (0.8),-0.7,0.001,res,9,0.03984717402638066,0
Usztywnione B (0.8),-0.7,0.0001,inc,2,0.3697278008577272,1
Usztywnione B (0.8),-0.7,0.0001,res,11,0.0011778062141356571,0
Usztywnione B (0.8),-0.7,1e-05,inc,13,1.3767648354701123e-08,0
Usztywnione B (0.8),-0.7,1e-05,res,12,7.657846452291395e-06,0
Usztywnione B (0.8),-0.7,1e-06,inc,14,1.705857677336553e-13,0
Usztywnione B (0.8),-0.7,1e-06,res,12,7.657846452291395e-06,0
Usztywnione B (0.8),-0.7,1e-07,inc,14,1.705857677336553e-13,0
Usztywnione B (0.8),-0.7,1e-07,res,12,7.657846452291395e-06,0
Usztywnione B (0.8),-0.7,1e-08,inc,15,0.0,0
Usztywnione B (0.8),-0.7,1e-08,res,13,1.3767648354701123e-08,0
Usztywnione B (0.8),-0.7,1e-09,inc,15,0.0,0
Usztywnione B (0.8),-0.7,1e-09,res,13,1.3767648354701123e-08,0
Usztywnione B (0.8),-0.6,0.01,inc,2,0.36957976800567266,1
Usztywnione B (0.8),-0.6,0.01,res,5,0.1962517456369431,2
Usztywnione B (0.8),-0.6,0.001,inc,2,0.36957976800567266,1
Usztywnione B (0.8),-0.6,0.001,res,9,0.039782745788274454,0
Usztywnione B (0.8),-0.6,0.0001,inc,13,1.3632001749641631e-08,0
Usztywnione B (0.8),-0.6,0.0001,res,11,0.0011688859508973692,0
Usztywnione B (0.8),-0.6,1e-05,inc,13,1.3632001749641631e-08,0
Usztywnione B (0.8),-0.6,1e-05,res,12,7.636803996513564e-06,0
Usztywnione B (0.8),-0.6,1e-06,inc,14,1.684763439868675e-13,0
Usztywnione B (0.8),-0.6,1e-06,res,12,7.636803996513564e-06,0
Usztywnione B (0.8),-0.6,1e-07,inc,14,1.684763439868675e-13,0
Usztywnione B (0.8),-0.6,1e-07,res,12,7.636803996513564e-06,0
Usztywnione B (0.8),-0.6,1e-08,inc,15,0.0,0
Usztywnione B (0.8),-0.6,1e-08,res,13,1.3632001749641631e-08,0
Usztywnione B (0.8),-0.6,1e-09,inc,15,0.0,0
Usztywnione B (0.8),-0.6,1e-09,res,13,1.3632001749641631e-08,0
Usztywnione B (0.8),-0.5,0.01,inc,2,0.3692042552020017,1
Usztywnione B (0.8),-0.5,0.01,res,5,0.19601608325525594,2
Usztywnione B (0.8),-0.5,0.001,inc,2,0.3692042552020017,1
Usztywnione B (0.8),-0.5,0.001,res,9,0.03961930455592916,0
Usztywnione B (0.8),-0.5,0.0001,inc,13,1.3286416189473016e-08,0
Usztywnione B (0.8),-0.5,0.0001,res,11,0.0011464584604155559,0
Usztywnione B (0.8),-0.5,1e-05,inc,13,1.3286416189473016e-08,0
Usztywnione B (0.8),-0.5,1e-05,res,12,7.58018717939013e-06,0
Usztywnione B (0.8),-0.5,1e-06,inc,14,1.6298074001497298e-13,0
Usztywnione B (0.8),-0.5,1e-06,res,12,7.58018717939013e-06,0
Usztywnione B (0.8),-0.5,1e-07,inc,14,1.6298074001497298e-13,0
Usztywnione B (0.8),-0.5,1e-07,res,12,7.58018717939013e-06,0
Usztywnione B (0.8),-0.5,1e-08,inc,15,5.551115123125783e-17,0
Usztywnione B (0.8),-0.5,1e-08,res,13,1.3286416189473016e-08,0
Usztywnione B (0.8),-0.5,1e-09,inc,15,5.551115123125783e-17,0
Usztywnione B (0.8),-0.5,1e-09,res,13,1.3286416189473016e-08,0
Usztywnione B (0.8),-0.4,0.01,inc,2,0.36819401826823256,1
Usztywnione B (0.8),-0.4,0.01,res,5,0.19538104891614755,2
Usztywnione B (0.8),-0.4,0.001,inc,2,0.36819401826823256,1
Usztywnione B (0.8),-0.4,0.001,res,9,0.03917955702049558,0
Usztywnione B (0.8),-0.4,0.0001,inc,13,1.2351559719459004e-08,0
Usztywnione B (0.8),-0.4,0.0001,res,11,0.001087539828631301,0
Usztywnione B (0.8),-0.4,1e-05,inc,13,1.2351559719459004e-08,0
Usztywnione B (0.8),-0.4,1e-05,res,12,7.406504013263149e-06,0
Usztywnione B (0.8),-0.4,1e-06,inc,14,1.4799272918253337e-13,0
Usztywnione B (0.8),-0.4,1e-06,res,12,7.406504013263149e-06,0
Usztywnione B (0.8),-0.4,1e-07,inc,14,1.4799272918253337e-13,0
Usztywnione B (0.8),-0.4,1e-07,res,12,7.406504013263149e-06,0
Usztywnione B (0.8),-0.4,1e-08,inc,15,0.0,0
Usztywnione B (0.8),-0.4,1e-08,res,13,1.2351559719459004e-08,0
Usztywnione B (0.8),-0.4,1e-09,inc,15,0.0,0
Usztywnione B (0.8),-0.4,1e-09,res,13,1.2351559719459004e-08,0
Usztywnione B (0.8),-0.3,0.01,inc,2,0.3653049226535872,1
Usztywnione B (0.8),-0.3,0.01,res,5,0.193556582145532,2
Usztywnione B (0.8),-0.3,0.001,inc,12,6.772948011546376e-06,0
Usztywnione B (0.8),-0.3,0.001,res,8,0.07177840380726036,2
Usztywnione B (0.8),-0.3,0.0001,inc,13,9.737900819040135e-09,0
Usztywnione B (0.8),-0.3,0.0001,res,11,0.0009302368148246809,0
Usztywnione B (0.8),-0.3,1e-05,inc,13,9.737900819040135e-09,0
Usztywnione B (0.8),-0.3,1e-05,res,11,0.0009302368148246809,0
Usztywnione B (0.8),-0.3,1e-06,inc,14,1.0669243266647754e-13,0
Usztywnione B (0.8),-0.3,1e-06,res,12,6.772948011546376e-06,0
Usztywnione B (0.8),-0.3,1e-07,inc,14,1.0669243266647754e-13,0
Usztywnione B (0.8),-0.3,1e-07,res,12,6.772948011546376e-06,0
Usztywnione B (0.8),-0.3,1e-08,inc,14,1.0669243266647754e-13,0
Usztywnione B (0.8),-0.3,1e-08,res,13,9.737900819040135e-09,0
Usztywnione B (0.8),-0.3,1e-09,inc,15,0.0,0
Usztywnione B (0.8),-0.3,1e-09,res,13,9.737900819040135e-09,0
Usztywnione B (0.8),-0.2,0.01,inc,2,0.3566146582701832,1
Usztywnione B (0.8),-0.2,0.01,res,5,0.18799291038164406,2
Usztywnione B (0.8),-0.2,0.001,inc,12,4.36225685152003e-06,0
Usztywnione B (0.8),-0.2,0.001,res,8,0.06733191052186727,2
Usztywnione B (0.8),-0.2,0.0001,inc,13,3.783578061966608e-09,0
Usztywnione B (0.8),-0.2,0.0001,res,11,0.0005507512928709657,0
Usztywnione B (0.8),-0.2,1e-05,inc,13,3.783578061966608e-09,0
Usztywnione B (0.8),-0.2,1e-05,res,11,0.0005507512928709657,0
Usztywnione B (0.8),-0.2,1e-06,inc,14,2.6700863742235015e-14,0
Usztywnione B (0.8),-0.2,1e-06,res,12,4.36225685152003e-06,0
Usztywnione B (0.8),-0.2,1e-07,inc,14,2.6700863742235015e-14,0
Usztywnione B (0.8),-0.2,1e-07,res,12,4.36225685152003e-06,0
Usztywnione B (0.8),-0.2,1e-08,inc,14,2.6700863742235015e-14,0
Usztywnione B (0.8),-0.2,1e-08,res,13,3.783578061966608e-09,0
Usztywnione B (0.8),-0.2,1e-09,inc,15,0.0,0
Usztywnione B (0.8),-0.2,1e-09,res,13,3.783578061966608e-09,0
Usztywnione B (0.8),-0.1,0.01,inc,11,4.8782409507674984e-05,0
Usztywnione B (0.8),-0.1,0.01,res,5,0.17068234346387406,2
Usztywnione B (0.8),-0.1,0.001,inc,12,2.657324262855809e-07,0
Usztywnione B (0.8),-0.1,0.001,res,8,0.05368293478492209,2
Usztywnione B (0.8),-0.1,0.0001,inc,12,2.657324262855809e-07,0
Usztywnione B (0.8),-0.1,0.0001,res,10,0.004245874382550696,0
Usztywnione B (0.8),-0.1,1e-05,inc,13,2.0914769915947318e-11,0
Usztywnione B (0.8),-0.1,1e-05,res,11,4.8782409507674984e-05,0
Usztywnione B (0.8),-0.1,1e-06,inc,13,2.0914769915947318e-11,0
Usztywnione B (0.8),-0.1,1e-06,res,11,4.8782409507674984e-05,0
Usztywnione B (0.8),-0.1,1e-07,inc,14,0.0,0
Usztywnione B (0.8),-0.1,1e-07,res,12,2.657324262855809e-07,0
Usztywnione B (0.8),-0.1,1e-08,inc,14,0.0,0
Usztywnione B (0.8),-0.1,1e-08,res,12,2.657324262855809e-07,0
Usztywnione B (0.8),-0.1,1e-09,inc,14,0.0,0
Usztywnione B (0.8),-0.1,1e-09,res,13,2.0914769915947318e-11,0
Usztywnione B (0.8),0.0,0.01,inc,10,5.379213223966062e-06,0
Usztywnione B (0.8),0.0,0.01,res,4,0.16541434323388154,2
Usztywnione B (0.8),0.0,0.001,inc,11,2.1181963294480965e-08,0
Usztywnione B (0.8),0.0,0.001,res,7,0.04847646442822512,0
Usztywnione B (0.8),0.0,0.0001,inc,11,2.1181963294480965e-08,0
Usztywnione B (0.8),0.0,0.0001,res,9,0.0028169336537492984,0
Usztywnione B (0.8),0.0,1e-05,inc,11,2.1181963294480965e-08,0
Usztywnione B (0.8),0.0,1e-05,res,10,5.379213223966062e-06,0
Usztywnione B (0.8),0.0,1e-06,inc,12,1.8424151093654473e-13,0
Usztywnione B (0.8),0.0,1e-06,res,10,5.379213223966062e-06,0
Usztywnione B (0.8),0.0,1e-07,inc,12,1.8424151093654473e-13,0
Usztywnione B (0.8),0.0,1e-07,res,10,5.379213223966062e-06,0
Usztywnione B (0.8),0.0,1e-08,inc,13,0.0,0
Usztywnione B (0.8),0.0,1e-08,res,11,2.1181963294480965e-08,0
Usztywnione B (0.8),0.0,1e-09,inc,13,0.0,0
Usztywnione B (0.8),0.0,1e-09,res,11,2.1181963294480965e-08,0
Usztywnione B (0.8),0.1,0.01,inc,2,0.12323220671040275,1
Usztywnione B (0.8),0.1,0.01,res,1,0.1299097139082575,2
Usztywnione B (0.8),0.1,0.001,inc,8,1.5982702661343495e-08,0
Usztywnione B (0.8),0.1,0.001,res,3,0.07111321514423102,2
Usztywnione B (0.8),0.1,0.0001,inc,8,1.5982702661343495e-08,0
Usztywnione B (0.8),0.1,0.0001,res,6,0.0012837841951031659,0
Usztywnione B (0.8),0.1,1e-05,inc,8,1.5982702661343495e-08,0
Usztywnione B (0.8),0.1,1e-05,res,7,8.200023554172375e-06,0
Usztywnione B (0.8),0.1,1e-06,inc,9,2.120525977034049e-13,0
Usztywnione B (0.8),0.1,1e-06,res,7,8.200023554172375e-06,0
Usztywnione B (0.8),0.1,1e-07,inc,9,2.120525977034049e-13,0
Usztywnione B (0.8),0.1,1e-07,res,7,8.200023554172375e-06,0
Usztywnione B (0.8),0.1,1e-08,inc,10,5.551115123125783e-17,0
Usztywnione B (0.8),0.1,1e-08,res,8,1.5982702661343495e-08,0
Usztywnione B (0.8),0.1,1e-09,inc,10,5.551115123125783e-17,0
Usztywnione B (0.8),0.1,1e-09,res,8,1.5982702661343495e-08,0
Usztywnione B (0.8),0.2,0.01,inc,2,0.07499129192818649,1
Usztywnione B (0.8),0.2,0.01,res,1,0.08207615794741469,2
Usztywnione B (0.8),0.2,0.001,inc,7,9.293162956947043e-07,0
Usztywnione B (0.8),0.2,0.001,res,3,0.03702595266320069,0
Usztywnione B (0.8),0.2,0.0001,inc,8,2.4361634931580056e-10,0
Usztywnione B (0.8),0.2,0.0001,res,5,0.003093350040736853,0
Usztywnione B (0.8),0.2,1e-05,inc,8,2.4361634931580056e-10,0
Usztywnione B (0.8),0.2,1e-05,res,6,0.0001608567650885906,0
Usztywnione B (0.8),0.2,1e-06,inc,8,2.4361634931580056e-10,0
Usztywnione B (0.8),0.2,1e-06,res,7,9.293162956947043e-07,0
Usztywnione B (0.8),0.2,1e-07,inc,9,3.885780586188048e-16,0
Usztywnione B (0.8),0.2,1e-07,res,7,9.293162956947043e-07,0
Usztywnione B (0.8),0.2,1e-08,inc,9,3.885780586188048e-16,0
Usztywnione B (0.8),0.2,1e-08,res,7,9.293162956947043e-07,0
Usztywnione B (0.8),0.2,1e-09,inc,9,3.885780586188048e-16,0
Usztywnione B (0.8),0.2,1e-09,res,8,2.4361634931580056e-10,0
Usztywnione B (0.8),0.3,0.01,inc,6,0.00035483895577659297,0
Usztywnione B (0.8),0.3,0.01,res,1,0.10901347019572277,2
Usztywnione B (0.8),0.3,0.001,inc,7,3.6232139436487287e-06,0
Usztywnione B (0.8),0.3,0.001,res,3,0.04566811934559817,0
Usztywnione B (0.8),0.3,0.0001,inc,8,2.1147730788761976e-09,0
Usztywnione B (0.8),0.3,0.0001,res,5,0.005030307910884879,0
Usztywnione B (0.8),0.3,1e-05,inc,8,2.1147730788761976e-09,0
Usztywnione B (0.8),0.3,1e-05,res,6,0.00035483895577659297,0
Usztywnione B (0.8),0.3,1e-06,inc,9,1.2378986724570495e-14,0
Usztywnione B (0.8),0.3,1e-06,res,7,3.6232139436487287e-06,0
Usztywnione B (0.8),0.3,1e-07,inc,9,1.2378986724570495e-14,0
Usztywnione B (0.8),0.3,1e-07,res,7,3.6232139436487287e-06,0
Usztywnione B (0.8),0.3,1e-08,inc,9,1.2378986724570495e-14,0
Usztywnione B (0.8),0.3,1e-08,res,8,2.1147730788761976e-09,0
Usztywnione B (0.8),0.3,1e-09,inc,10,0.0,0
Usztywnione B (0.8),0.3,1e-09,res,8,2.1147730788761976e-09,0
Usztywnione B (0.8),0.4,0.01,inc,1,0.028803373204920768,0
Usztywnione B (0.8),0.4,0.01,res,1,0.028803373204920768,0
Usztywnione B (0.8),0.4,0.001,inc,4,4.553252559713616e-06,0
Usztywnione B (0.8),0.4,0.001,res,1,0.028803373204920768,0
Usztywnione B (0.8),0.4,0.0001,inc,5,3.823326044649633e-09,0
Usztywnione B (0.8),0.4,0.0001,res,2,0.00449069700866872,0
Usztywnione B (0.8),0.4,1e-05,inc,5,3.823326044649633e-09,0
Usztywnione B (0.8),0.4,1e-05,res,3,0.0005068402359558188,0
Usztywnione B (0.8),0.4,1e-06,inc,6,2.8144153674247718e-14,0
Usztywnione B (0.8),0.4,1e-06,res,4,4.553252559713616e-06,0
Usztywnione B (0.8),0.4,1e-07,inc,6,2.8144153674247718e-14,0
Usztywnione B (0.8),0.4,1e-07,res,4,4.553252559713616e-06,0
Usztywnione B (0.8),0.4,1e-08,inc,6,2.8144153674247718e-14,0
Usztywnione B (0.8),0.4,1e-08,res,5,3.823326044649633e-09,0
Usztywnione B (0.8),0.4,1e-09,inc,7,0.0,0
Usztywnione B (0.8),0.4,1e-09,res,5,3.823326044649633e-09,0
Usztywnione B (0.8),0.5,0.01,inc,1,0.06717357631737764,1
Usztywnione B (0.8),0.5,0.01,res,1,0.06717357631737764,2
Usztywnione B (0.8),0.5,0.001,inc,5,5.195408880331875e-07,0
Usztywnione B (0.8),0.5,0.001,res,1,0.06717357631737764,2
Usztywnione B (0.8),0.5,0.0001,inc,5,5.195408880331875e-07,0
Usztywnione B (0.8),0.5,0.0001,res,3,0.005850963719749969,0
Usztywnione B (0.8),0.5,1e-05,inc,6,6.434469623783912e-11,0
Usztywnione B (0.8),0.5,1e-05,res,4,7.686498665848696e-05,0
Usztywnione B (0.8),0.5,1e-06,inc,6,6.434469623783912e-11,0
Usztywnione B (0.8),0.5,1e-06,res,4,7.686498665848696e-05,0
Usztywnione B (0.8),0.5,1e-07,inc,7,5.551115123125783e-17,0
Usztywnione B (0.8),0.5,1e-07,res,5,5.195408880331875e-07,0
Usztywnione B (0.8),0.5,1e-08,inc,7,5.551115123125783e-17,0
Usztywnione B (0.8),0.5,1e-08,res,5,5.195408880331875e-07,0
Usztywnione B (0.8),0.5,1e-09,inc,7,5.551115123125783e-17,0
Usztywnione B (0.8),0.5,1e-09,res,6,6.434469623783912e-11,0
Usztywnione B (0.8),0.6,0.01,inc,7,5.752479605269922e-06,0
Usztywnione B (0.8),0.6,0.01,res,1,0.1579077437002117,2
Usztywnione B (0.8),0.6,0.001,inc,7,5.752479605269922e-06,0
Usztywnione B (0.8),0.6,0.001,res,3,0.07110572528330766,2
Usztywnione B (0.8),0.6,0.0001,inc,8,6.732328361458428e-09,0
Usztywnione B (0.8),0.6,0.0001,res,6,0.0007504757200560985,0
Usztywnione B (0.8),0.6,1e-05,inc,8,6.732328361458428e-09,0
Usztywnione B (0.8),0.6,1e-05,res,6,0.0007504757200560985,0
Usztywnione B (0.8),0.6,1e-06,inc,9,6.261657858885883e-14,0
Usztywnione B (0.8),0.6,1e-06,res,7,5.752479605269922e-06,0
Usztywnione B (0.8),0.6,1e-07,inc,9,6.261657858885883e-14,0
Usztywnione B (0.8),0.6,1e-07,res,7,5.752479605269922e-06,0
Usztywnione B (0.8),0.6,1e-08,inc,9,6.261657858885883e-14,0
Usztywnione B (0.8),0.6,1e-08,res,8,6.732328361458428e-09,0
Usztywnione B (0.8),0.6,1e-09,inc,10,5.551115123125783e-17,0
Usztywnione B (0.8),0.6,1e-09,res,8,6.732328361458428e-09,0
Usztywnione B (0.8),0.7,0.01,inc,8,0.0003188969341805792,0
Usztywnione B (0.8),0.7,0.01,res,2,0.1822416290437096,2
Usztywnione B (0.8),0.7,0.001,inc,9,2.4559844909455286e-06,0
Usztywnione B (0.8),0.7,0.001,res,5,0.06339147506401455,2
Usztywnione B (0.8),0.7,0.0001,inc,10,1.2473805321988607e-09,0
Usztywnione B (0.8),0.7,0.0001,res,7,0.00788176398438617,0
Usztywnione B (0.8),0.7,1e-05,inc,10,1.2473805321988607e-09,0
Usztywnione B (0.8),0.7,1e-05,res,8,0.0003188969341805792,0
Usztywnione B (0.8),0.7,1e-06,inc,11,4.9404924595819466e-15,0
Usztywnione B (0.8),0.7,1e-06,res,9,2.4559844909455286e-06,0
Usztywnione B (0.8),0.7,1e-07,inc,11,4.9404924595819466e-15,0
Usztywnione B (0.8),0.7,1e-07,res,9,2.4559844909455286e-06,0
Usztywnione B (0.8),0.7,1e-08,inc,11,4.9404924595819466e-15,0
Usztywnione B (0.8),0.7,1e-08,res,10,1.2473805321988607e-09,0
Usztywnione B (0.8),0.7,1e-09,inc,12,0.0,0
Usztywnione B (0.8),0.7,1e-09,res,10,1.2473805321988607e-09,0
